{"v":"5.4.3","fr":60,"ip":0,"op":477,"w":1400,"h":1639,"nm":"33 | Home 2","ddd":0,"assets":[{"id":"comp_0","layers":[{"ddd":0,"ind":1,"ty":4,"nm":"Path","sr":1,"ks":{"o":{"a":0,"k":100,"ix":11},"r":{"a":0,"k":0,"ix":10},"p":{"a":0,"k":[594.263,1205.91,0],"ix":2},"a":{"a":0,"k":[0,0,0],"ix":1},"s":{"a":0,"k":[100,100,100],"ix":6}},"ao":0,"shapes":[{"ty":"gr","it":[{"ind":0,"ty":"sh","ix":1,"ks":{"a":0,"k":{"i":[[0,0],[0,0],[0,0],[0,0],[0,0],[0,0],[0,0],[0,0],[0,0],[0,0],[0,0],[0.48,0.43],[0,0.02],[0,0],[0,0],[0,0],[0,0],[0,0],[0.12,0.12],[0,0],[0.67,0],[0.51,-0.46],[0.08,-0.11],[0,0],[0.12,-0.36],[0,-0.29],[0,0],[-1.4,0],[0,0],[0,0.77],[0,0],[0,0],[0,0]],"o":[[0,0],[0,0],[0,0],[0,0],[0,0],[0,0],[0,0],[0,0],[0,0],[0,0],[0,-0.68],[-0.02,-0.02],[0,0],[0,0],[0,0],[0,0],[0,0],[-0.08,-0.11],[0,0],[-0.51,-0.46],[-0.67,0],[-0.12,0.12],[0,0],[-0.3,0.28],[-0.08,0.24],[0,0],[0,1.3],[0,0],[-0.43,-0.56],[0,0],[0,0],[0,0],[0,0]],"v":[[-0.044,-11.275],[2.676,-8.765],[6.156,-5.535],[7.316,-4.455],[8.796,-3.085],[10.876,-1.155],[11.726,-0.365],[13.976,1.715],[13.976,10.785],[19.046,10.785],[19.046,0.745],[18.256,-0.965],[18.216,-1.025],[15.356,-3.675],[14.506,-4.455],[10.916,-7.785],[9.766,-8.855],[2.086,-15.955],[1.786,-16.295],[1.786,-16.295],[-0.044,-16.985],[-1.864,-16.295],[-2.164,-15.955],[-18.274,-1.005],[-18.904,-0.045],[-19.044,0.745],[-19.044,14.635],[-16.514,16.985],[1.906,16.985],[1.216,14.955],[1.216,12.295],[-13.984,12.295],[-13.984,1.665]],"c":true},"ix":2},"nm":"Path 1","mn":"ADBE Vector Shape - Group","hd":false},{"ty":"fl","c":{"a":0,"k":[0.945097982883,0.945097982883,0.945097982883,1],"ix":4},"o":{"a":0,"k":100,"ix":5},"r":1,"bm":0,"nm":"Fill 1","mn":"ADBE Vector Graphic - Fill","hd":false},{"ty":"tr","p":{"a":0,"k":[0,0],"ix":2},"a":{"a":0,"k":[0,0],"ix":1},"s":{"a":0,"k":[600,600],"ix":3},"r":{"a":0,"k":0,"ix":6},"o":{"a":0,"k":100,"ix":7},"sk":{"a":0,"k":0,"ix":4},"sa":{"a":0,"k":0,"ix":5},"nm":"Transform"}],"nm":"Path","np":2,"cix":2,"bm":0,"ix":1,"mn":"ADBE Vector Group","hd":false}],"ip":0,"op":3600,"st":0,"bm":0},{"ddd":0,"ind":2,"ty":4,"nm":"Path","sr":1,"ks":{"o":{"a":0,"k":100,"ix":11},"r":{"a":0,"k":0,"ix":10},"p":{"a":0,"k":[725.543,1205.91,0],"ix":2},"a":{"a":0,"k":[0,0,0],"ix":1},"s":{"a":0,"k":[100,100,100],"ix":6}},"ao":0,"shapes":[{"ty":"gr","it":[{"ind":0,"ty":"sh","ix":1,"ks":{"a":0,"k":{"i":[[0.48,0.43],[0,0.02],[0,0],[0.12,0.12],[0,0],[0.67,0],[0.51,-0.46],[0.08,-0.11],[0,0],[0,0],[0,0],[0,0],[0,0],[0,0],[0,0],[0,0],[0,0],[0,0],[0,0],[0,0],[0,0],[0,0],[0,0],[0,0],[0,0],[0,0],[0.12,-0.36],[0,-0.28],[0,0],[0,0],[0,0],[0,0],[-1.4,0],[0,0],[0,0],[0,1.3],[0,0],[0,0]],"o":[[-0.02,-0.02],[0,0],[-0.08,-0.11],[0,0],[-0.51,-0.46],[-0.67,0],[-0.12,0.12],[0,0],[0,0],[0,0],[0,0],[0,0],[0,0],[0,0],[0,0],[0,0],[0,0],[0,0],[0,0],[0,0],[0,0],[0,0],[0,0],[0,0],[0,0],[-0.3,0.28],[-0.1,0.24],[0,0],[0,0],[0,0],[0,0],[0,1.3],[0,0],[0,0],[1.39,0],[0,0],[0,0],[0,-0.68]],"v":[[18.256,-0.965],[18.216,-1.025],[2.086,-15.955],[1.786,-16.295],[1.786,-16.295],[-0.044,-16.985],[-1.864,-16.295],[-2.164,-15.955],[-9.864,-8.815],[-6.284,-5.495],[-0.044,-11.275],[13.976,1.715],[13.976,11.425],[13.976,12.295],[-1.414,12.295],[-2.834,12.295],[-5.364,12.295],[-7.904,12.295],[-9.324,12.295],[-13.984,12.295],[-13.984,1.665],[-13.064,0.815],[-12.094,-0.085],[-13.064,-0.985],[-15.664,-3.385],[-18.254,-0.985],[-18.884,-0.025],[-19.044,0.775],[-19.044,6.845],[-19.044,8.915],[-19.044,12.295],[-19.044,14.635],[-16.514,16.985],[-5.364,16.985],[16.516,16.985],[19.046,14.635],[19.046,11.425],[19.046,0.745]],"c":true},"ix":2},"nm":"Path 1","mn":"ADBE Vector Shape - Group","hd":false},{"ty":"fl","c":{"a":0,"k":[0.945097982883,0.945097982883,0.945097982883,1],"ix":4},"o":{"a":0,"k":100,"ix":5},"r":1,"bm":0,"nm":"Fill 1","mn":"ADBE Vector Graphic - Fill","hd":false},{"ty":"tr","p":{"a":0,"k":[0,0],"ix":2},"a":{"a":0,"k":[0,0],"ix":1},"s":{"a":0,"k":[600,600],"ix":3},"r":{"a":0,"k":0,"ix":6},"o":{"a":0,"k":100,"ix":7},"sk":{"a":0,"k":0,"ix":4},"sa":{"a":0,"k":0,"ix":5},"nm":"Transform"}],"nm":"Path","np":2,"cix":2,"bm":0,"ix":1,"mn":"ADBE Vector Group","hd":false}],"ip":0,"op":3600,"st":0,"bm":0}]},{"id":"comp_1","layers":[{"ddd":0,"ind":1,"ty":4,"nm":"Rectangle","sr":1,"ks":{"o":{"a":0,"k":100,"ix":11},"r":{"a":0,"k":0,"ix":10},"p":{"a":0,"k":[664.506,384.624,0],"ix":2},"a":{"a":0,"k":[0,0,0],"ix":1},"s":{"a":0,"k":[100,100,100],"ix":6}},"ao":0,"shapes":[{"ty":"gr","it":[{"ty":"rc","d":1,"s":{"a":0,"k":[138.664,14.589],"ix":2},"p":{"a":0,"k":[0,0],"ix":3},"r":{"a":0,"k":3.6,"ix":4},"nm":"Rectangle Path 1","mn":"ADBE Vector Shape - Rect","hd":false},{"ty":"fl","c":{"a":0,"k":[0.945097982883,0.945097982883,0.945097982883,1],"ix":4},"o":{"a":0,"k":100,"ix":5},"r":1,"bm":0,"nm":"Fill 1","mn":"ADBE Vector Graphic - Fill","hd":false},{"ty":"tr","p":{"a":0,"k":[0,0],"ix":2},"a":{"a":0,"k":[0,0],"ix":1},"s":{"a":0,"k":[600,600],"ix":3},"r":{"a":0,"k":0,"ix":6},"o":{"a":0,"k":100,"ix":7},"sk":{"a":0,"k":0,"ix":4},"sa":{"a":0,"k":0,"ix":5},"nm":"Transform"}],"nm":"Rectangle","np":2,"cix":2,"bm":0,"ix":1,"mn":"ADBE Vector Group","hd":false}],"ip":0,"op":3600,"st":0,"bm":0},{"ddd":0,"ind":2,"ty":4,"nm":"Path","sr":1,"ks":{"o":{"a":0,"k":3,"ix":11},"r":{"a":0,"k":0,"ix":10},"p":{"a":0,"k":[923.826,448.728,0],"ix":2},"a":{"a":0,"k":[0,0,0],"ix":1},"s":{"a":0,"k":[100,-100,100],"ix":6}},"ao":0,"shapes":[{"ty":"gr","it":[{"ind":0,"ty":"sh","ix":1,"ks":{"a":0,"k":{"i":[[-17.84,15.78],[0,0],[16.14,-14.81],[0,0]],"o":[[17.83,-15.77],[0,0],[-16.15,14.81],[0,0]],"v":[[-2.995,-3.486],[33.865,-27.246],[-4.015,-6.566],[-33.865,27.244]],"c":true},"ix":2},"nm":"Path 1","mn":"ADBE Vector Shape - Group","hd":false},{"ty":"fl","c":{"a":0,"k":[0,0,0,1],"ix":4},"o":{"a":0,"k":100,"ix":5},"r":1,"bm":0,"nm":"Fill 1","mn":"ADBE Vector Graphic - Fill","hd":false},{"ty":"tr","p":{"a":0,"k":[0,0],"ix":2},"a":{"a":0,"k":[0,0],"ix":1},"s":{"a":0,"k":[600,600],"ix":3},"r":{"a":0,"k":52,"ix":6},"o":{"a":0,"k":100,"ix":7},"sk":{"a":0,"k":0,"ix":4},"sa":{"a":0,"k":0,"ix":5},"nm":"Transform"}],"nm":"Path","np":2,"cix":2,"bm":0,"ix":1,"mn":"ADBE Vector Group","hd":false}],"ip":0,"op":3600,"st":0,"bm":0},{"ddd":0,"ind":3,"ty":4,"nm":"Path","sr":1,"ks":{"o":{"a":0,"k":5,"ix":11},"r":{"a":0,"k":0,"ix":10},"p":{"a":0,"k":[656.402,445.381,0],"ix":2},"a":{"a":0,"k":[0,0,0],"ix":1},"s":{"a":0,"k":[100,100,100],"ix":6}},"ao":0,"shapes":[{"ty":"gr","it":[{"ind":0,"ty":"sh","ix":1,"ks":{"a":0,"k":{"i":[[-51.46,0],[0,15.64],[0,0]],"o":[[51.47,0],[0,0],[0,15.64]],"v":[[-0.003,14.16],[93.197,-14.16],[-93.193,-14.16]],"c":true},"ix":2},"nm":"Path 1","mn":"ADBE Vector Shape - Group","hd":false},{"ty":"fl","c":{"a":0,"k":[0,0,0,1],"ix":4},"o":{"a":0,"k":100,"ix":5},"r":1,"bm":0,"nm":"Fill 1","mn":"ADBE Vector Graphic - Fill","hd":false},{"ty":"tr","p":{"a":0,"k":[0,0],"ix":2},"a":{"a":0,"k":[0,0],"ix":1},"s":{"a":0,"k":[600,600],"ix":3},"r":{"a":0,"k":0,"ix":6},"o":{"a":0,"k":100,"ix":7},"sk":{"a":0,"k":0,"ix":4},"sa":{"a":0,"k":0,"ix":5},"nm":"Transform"}],"nm":"Path","np":2,"cix":2,"bm":0,"ix":1,"mn":"ADBE Vector Group","hd":false}],"ip":0,"op":3600,"st":0,"bm":0},{"ddd":0,"ind":4,"ty":4,"nm":"Path","sr":1,"ks":{"o":{"a":0,"k":100,"ix":11},"r":{"a":0,"k":0,"ix":10},"p":{"a":0,"k":[656.402,445.381,0],"ix":2},"a":{"a":0,"k":[0,0,0],"ix":1},"s":{"a":0,"k":[100,100,100],"ix":6}},"ao":0,"shapes":[{"ty":"gr","it":[{"ind":0,"ty":"sh","ix":1,"ks":{"a":0,"k":{"i":[[-51.46,0],[0,15.64],[0,0]],"o":[[51.47,0],[0,0],[0,15.64]],"v":[[-0.003,14.16],[93.197,-14.16],[-93.193,-14.16]],"c":true},"ix":2},"nm":"Path 1","mn":"ADBE Vector Shape - Group","hd":false},{"ty":"fl","c":{"a":0,"k":[1,1,1,1],"ix":4},"o":{"a":0,"k":100,"ix":5},"r":1,"bm":0,"nm":"Fill 1","mn":"ADBE Vector Graphic - Fill","hd":false},{"ty":"tr","p":{"a":0,"k":[0,0],"ix":2},"a":{"a":0,"k":[0,0],"ix":1},"s":{"a":0,"k":[600,600],"ix":3},"r":{"a":0,"k":0,"ix":6},"o":{"a":0,"k":100,"ix":7},"sk":{"a":0,"k":0,"ix":4},"sa":{"a":0,"k":0,"ix":5},"nm":"Transform"}],"nm":"Path","np":2,"cix":2,"bm":0,"ix":1,"mn":"ADBE Vector Group","hd":false}],"ip":0,"op":3600,"st":0,"bm":0},{"ddd":0,"ind":5,"ty":4,"nm":"Path","sr":1,"ks":{"o":{"a":0,"k":100,"ix":11},"r":{"a":0,"k":0,"ix":10},"p":{"a":0,"k":[656.402,275.467,0],"ix":2},"a":{"a":0,"k":[0,0,0],"ix":1},"s":{"a":0,"k":[100,100,100],"ix":6}},"ao":0,"shapes":[{"ty":"gr","it":[{"ind":0,"ty":"sh","ix":1,"ks":{"a":0,"k":{"i":[[51.47,0],[0,-15.64],[0,0]],"o":[[-51.46,0],[0,0],[0,-15.64]],"v":[[-0.003,-14.16],[-93.193,14.16],[93.197,14.16]],"c":true},"ix":2},"nm":"Path 1","mn":"ADBE Vector Shape - Group","hd":false},{"ty":"fl","c":{"a":0,"k":[1,1,1,1],"ix":4},"o":{"a":0,"k":100,"ix":5},"r":1,"bm":0,"nm":"Fill 1","mn":"ADBE Vector Graphic - Fill","hd":false},{"ty":"tr","p":{"a":0,"k":[0,0],"ix":2},"a":{"a":0,"k":[0,0],"ix":1},"s":{"a":0,"k":[600,600],"ix":3},"r":{"a":0,"k":0,"ix":6},"o":{"a":0,"k":100,"ix":7},"sk":{"a":0,"k":0,"ix":4},"sa":{"a":0,"k":0,"ix":5},"nm":"Transform"}],"nm":"Path","np":2,"cix":2,"bm":0,"ix":1,"mn":"ADBE Vector Group","hd":false}],"ip":0,"op":3600,"st":0,"bm":0},{"ddd":0,"ind":6,"ty":3,"nm":"▽ Group","sr":1,"ks":{"o":{"a":0,"k":100,"ix":11},"r":{"a":0,"k":0,"ix":10},"p":{"a":0,"k":[653.701,361.068,0],"ix":2},"a":{"a":0,"k":[578.066,175.707,0],"ix":1},"s":{"a":0,"k":[100,100,100],"ix":6}},"ao":0,"ip":0,"op":3600,"st":0,"bm":0},{"ddd":0,"ind":7,"ty":4,"nm":"Oval","parent":6,"sr":1,"ks":{"o":{"a":0,"k":100,"ix":11},"r":{"a":0,"k":0,"ix":10},"p":{"a":0,"k":[578.456,176.006,0],"ix":2},"a":{"a":0,"k":[0,0,0],"ix":1},"s":{"a":0,"k":[100,100,100],"ix":6}},"ao":0,"shapes":[{"ty":"gr","it":[{"d":1,"ty":"el","s":{"a":0,"k":[192.286,58.465],"ix":2},"p":{"a":0,"k":[0,0],"ix":3},"nm":"Ellipse Path 1","mn":"ADBE Vector Shape - Ellipse","hd":false},{"ty":"fl","c":{"a":0,"k":[0.945097982883,0.945097982883,0.945097982883,1],"ix":4},"o":{"a":0,"k":100,"ix":5},"r":1,"bm":0,"nm":"Fill 1","mn":"ADBE Vector Graphic - Fill","hd":false},{"ty":"tr","p":{"a":0,"k":[0,0],"ix":2},"a":{"a":0,"k":[0,0],"ix":1},"s":{"a":0,"k":[600,600],"ix":3},"r":{"a":0,"k":0,"ix":6},"o":{"a":0,"k":100,"ix":7},"sk":{"a":0,"k":0,"ix":4},"sa":{"a":0,"k":0,"ix":5},"nm":"Transform"}],"nm":"Oval","np":2,"cix":2,"bm":0,"ix":1,"mn":"ADBE Vector Group","hd":false}],"ip":0,"op":3600,"st":0,"bm":0},{"ddd":0,"ind":8,"ty":4,"nm":"Path","sr":1,"ks":{"o":{"a":0,"k":10,"ix":11},"r":{"a":0,"k":0,"ix":10},"p":{"a":0,"k":[659.104,342.403,0],"ix":2},"a":{"a":0,"k":[0,0,0],"ix":1},"s":{"a":0,"k":[100,100,100],"ix":6}},"ao":0,"shapes":[{"ty":"gr","it":[{"ind":0,"ty":"sh","ix":1,"ks":{"a":0,"k":{"i":[[0,0],[0,-2.81],[25.61,0],[5.73,17.25],[-22.48,0],[0,23.17],[1.3,3.86]],"o":[[0.6,2.72],[0,23.16],[-20.96,-0.01],[4.26,19.19],[25.61,0],[0,-4.15],[0,0]],"v":[[43.949,-27.032],[44.849,-18.712],[-1.521,23.228],[-45.921,-6.612],[-0.451,27.028],[45.919,-14.912],[43.949,-27.032]],"c":true},"ix":2},"nm":"Path 1","mn":"ADBE Vector Shape - Group","hd":false},{"ty":"fl","c":{"a":0,"k":[0,0,0,1],"ix":4},"o":{"a":0,"k":100,"ix":5},"r":1,"bm":0,"nm":"Fill 1","mn":"ADBE Vector Graphic - Fill","hd":false},{"ty":"tr","p":{"a":0,"k":[0,0],"ix":2},"a":{"a":0,"k":[0,0],"ix":1},"s":{"a":0,"k":[600,600],"ix":3},"r":{"a":0,"k":0,"ix":6},"o":{"a":0,"k":100,"ix":7},"sk":{"a":0,"k":0,"ix":4},"sa":{"a":0,"k":0,"ix":5},"nm":"Transform"}],"nm":"Path","np":2,"cix":2,"bm":0,"ix":1,"mn":"ADBE Vector Group","hd":false}],"ip":0,"op":3600,"st":0,"bm":0},{"ddd":0,"ind":9,"ty":4,"nm":"Path","sr":1,"ks":{"o":{"a":0,"k":30,"ix":11},"r":{"a":0,"k":0,"ix":10},"p":{"a":0,"k":[610.481,234.276,0],"ix":2},"a":{"a":0,"k":[0,0,0],"ix":1},"s":{"a":0,"k":[100,100,100],"ix":6}},"ao":0,"shapes":[{"ty":"gr","it":[{"ind":0,"ty":"sh","ix":1,"ks":{"a":0,"k":{"i":[[0,12.58],[-25.8,0],[-7.34,-3.71],[11.76,0],[0,-23.1],[-14.01,-7.22]],"o":[[0,-23.1],[8.02,-0.05],[-8.22,-6.41],[-25.8,0],[0,15.51],[-9.81,-7.67]],"v":[[-31.278,7.524],[15.432,-34.296],[38.722,-28.746],[8.002,-39.046],[-38.718,2.774],[-15.278,39.044]],"c":true},"ix":2},"nm":"Path 1","mn":"ADBE Vector Shape - Group","hd":false},{"ty":"fl","c":{"a":0,"k":[1,1,1,1],"ix":4},"o":{"a":0,"k":100,"ix":5},"r":1,"bm":0,"nm":"Fill 1","mn":"ADBE Vector Graphic - Fill","hd":false},{"ty":"tr","p":{"a":0,"k":[0,0],"ix":2},"a":{"a":0,"k":[0,0],"ix":1},"s":{"a":0,"k":[600,600],"ix":3},"r":{"a":0,"k":0,"ix":6},"o":{"a":0,"k":100,"ix":7},"sk":{"a":0,"k":0,"ix":4},"sa":{"a":0,"k":0,"ix":5},"nm":"Transform"}],"nm":"Path","np":2,"cix":2,"bm":0,"ix":1,"mn":"ADBE Vector Group","hd":false}],"ip":0,"op":3600,"st":0,"bm":0},{"ddd":0,"ind":10,"ty":4,"nm":"Oval","sr":1,"ks":{"o":{"a":0,"k":100,"ix":11},"r":{"a":0,"k":0,"ix":10},"p":{"a":0,"k":[656.402,254.871,0],"ix":2},"a":{"a":0,"k":[0,0,0],"ix":1},"s":{"a":0,"k":[100,100,100],"ix":6}},"ao":0,"shapes":[{"ty":"gr","it":[{"d":1,"ty":"el","s":{"a":0,"k":[92.743,83.241],"ix":2},"p":{"a":0,"k":[0,0],"ix":3},"nm":"Ellipse Path 1","mn":"ADBE Vector Shape - Ellipse","hd":false},{"ty":"fl","c":{"a":0,"k":[0.945097982883,0.945097982883,0.945097982883,1],"ix":4},"o":{"a":0,"k":100,"ix":5},"r":1,"bm":0,"nm":"Fill 1","mn":"ADBE Vector Graphic - Fill","hd":false},{"ty":"tr","p":{"a":0,"k":[0,0],"ix":2},"a":{"a":0,"k":[0,0],"ix":1},"s":{"a":0,"k":[600,600],"ix":3},"r":{"a":0,"k":0,"ix":6},"o":{"a":0,"k":100,"ix":7},"sk":{"a":0,"k":0,"ix":4},"sa":{"a":0,"k":0,"ix":5},"nm":"Transform"}],"nm":"Oval","np":2,"cix":2,"bm":0,"ix":1,"mn":"ADBE Vector Group","hd":false}],"ip":0,"op":3600,"st":0,"bm":0}]}],"layers":[{"ddd":0,"ind":1,"ty":4,"nm":"Shape","sr":1,"ks":{"o":{"a":0,"k":100,"ix":11,"x":"var $bm_rt;\n$bm_rt = transform.opacity;"},"r":{"a":1,"k":[{"i":{"x":[0.218],"y":[1]},"o":{"x":[0.333],"y":[0]},"n":["0p218_1_0p333_0"],"t":480,"s":[0],"e":[90]},{"i":{"x":[0.833],"y":[1]},"o":{"x":[0.333],"y":[0]},"n":["0p833_1_0p333_0"],"t":602,"s":[90],"e":[90]},{"i":{"x":[0.218],"y":[1]},"o":{"x":[0.333],"y":[0]},"n":["0p218_1_0p333_0"],"t":1082,"s":[90],"e":[0]},{"t":1203}],"ix":10,"x":"var $bm_rt;\n$bm_rt = transform.rotation;"},"p":{"a":1,"k":[{"i":{"x":0.483,"y":1},"o":{"x":0.333,"y":0},"n":"0p483_1_0p333_0","t":0,"s":[894.997,1254.501,0],"e":[894.997,1244.501,0],"to":[0,-1.66666662693024,0],"ti":[0,-1.66666662693024,0]},{"i":{"x":0.487,"y":1},"o":{"x":0.333,"y":0},"n":"0p487_1_0p333_0","t":60,"s":[894.997,1244.501,0],"e":[894.997,1264.501,0],"to":[0,1.66666662693024,0],"ti":[0,0,0]},{"i":{"x":0.483,"y":1},"o":{"x":0.333,"y":0},"n":"0p483_1_0p333_0","t":120,"s":[894.997,1264.501,0],"e":[894.997,1244.501,0],"to":[0,0,0],"ti":[0,0,0]},{"i":{"x":0.491,"y":1},"o":{"x":0.333,"y":0},"n":"0p491_1_0p333_0","t":180,"s":[894.997,1244.501,0],"e":[894.997,1264.501,0],"to":[0,0,0],"ti":[0,0,0]},{"i":{"x":0.483,"y":1},"o":{"x":0.333,"y":0},"n":"0p483_1_0p333_0","t":240,"s":[894.997,1264.501,0],"e":[894.997,1244.501,0],"to":[0,0,0],"ti":[0,0,0]},{"i":{"x":0.487,"y":1},"o":{"x":0.333,"y":0},"n":"0p487_1_0p333_0","t":300,"s":[894.997,1244.501,0],"e":[894.997,1264.501,0],"to":[0,0,0],"ti":[0,0,0]},{"i":{"x":0.483,"y":1},"o":{"x":0.333,"y":0},"n":"0p483_1_0p333_0","t":360,"s":[894.997,1264.501,0],"e":[894.997,1244.501,0],"to":[0,0,0],"ti":[0,0,0]},{"i":{"x":0.232,"y":0.936},"o":{"x":0.336,"y":0},"n":"0p232_0p936_0p336_0","t":420,"s":[894.997,1244.501,0],"e":[894.997,1254.491,0],"to":[0,0,0],"ti":[0,0,0]},{"i":{"x":0.232,"y":0.997},"o":{"x":0.315,"y":0.001},"n":"0p232_0p997_0p315_0p001","t":480,"s":[894.997,1254.491,0],"e":[504.997,1254.491,0],"to":[0,0,0],"ti":[0,0,0]},{"i":{"x":0.496,"y":0.958},"o":{"x":0.152,"y":0.013},"n":"0p496_0p958_0p152_0p013","t":602,"s":[504.997,1254.491,0],"e":[504.997,1244.491,0],"to":[0,0,0],"ti":[0,0,0]},{"i":{"x":0.496,"y":0.979},"o":{"x":0.167,"y":0.007},"n":"0p496_0p979_0p167_0p007","t":662,"s":[504.997,1244.491,0],"e":[504.997,1264.491,0],"to":[0,0,0],"ti":[0,0,0]},{"i":{"x":0.496,"y":0.979},"o":{"x":0.167,"y":0.007},"n":"0p496_0p979_0p167_0p007","t":722,"s":[504.997,1264.491,0],"e":[504.997,1244.491,0],"to":[0,0,0],"ti":[0,0,0]},{"i":{"x":0.496,"y":0.979},"o":{"x":0.167,"y":0.007},"n":"0p496_0p979_0p167_0p007","t":782,"s":[504.997,1244.491,0],"e":[504.997,1264.491,0],"to":[0,0,0],"ti":[0,0,0]},{"i":{"x":0.496,"y":0.979},"o":{"x":0.167,"y":0.007},"n":"0p496_0p979_0p167_0p007","t":842,"s":[504.997,1264.491,0],"e":[504.997,1244.491,0],"to":[0,0,0],"ti":[0,0,0]},{"i":{"x":0.496,"y":0.979},"o":{"x":0.167,"y":0.007},"n":"0p496_0p979_0p167_0p007","t":902,"s":[504.997,1244.491,0],"e":[504.997,1264.491,0],"to":[0,0,0],"ti":[0,0,0]},{"i":{"x":0.496,"y":0.979},"o":{"x":0.167,"y":0.007},"n":"0p496_0p979_0p167_0p007","t":962,"s":[504.997,1264.491,0],"e":[504.997,1244.491,0],"to":[0,0,0],"ti":[0,0,0]},{"i":{"x":0.232,"y":0.937},"o":{"x":0.167,"y":0.014},"n":"0p232_0p937_0p167_0p014","t":1022,"s":[504.997,1244.491,0],"e":[504.997,1254.491,0],"to":[0,0,0],"ti":[0,0,0]},{"i":{"x":0.232,"y":0.997},"o":{"x":0.267,"y":0},"n":"0p232_0p997_0p267_0","t":1082,"s":[504.997,1254.491,0],"e":[894.997,1254.491,0],"to":[0,0,0],"ti":[0,0,0]},{"t":1203}],"ix":2},"a":{"a":0,"k":[0,0,0],"ix":1},"s":{"a":0,"k":[100,100,100],"ix":6}},"ao":0,"shapes":[{"ty":"gr","it":[{"ty":"gr","it":[{"ind":0,"ty":"sh","ix":1,"ks":{"a":0,"k":{"i":[[5.69,-4.76],[-4.52,-5.83],[-6.21,4.08],[0,0],[0,0],[0,0],[4.75,4.83]],"o":[[-5.68,4.76],[4.53,5.83],[0,0],[0,0],[0,0],[4.05,-5.42],[-5.18,-5.28]],"v":[[-12.56,-14.18],[-14.63,4.68],[4.49,7.8],[15.18,18.4],[18.42,15.35],[8.02,4.48],[6.8,-13.25]],"c":true},"ix":2},"nm":"Path 1","mn":"ADBE Vector Shape - Group","hd":false},{"ind":1,"ty":"sh","ix":2,"ks":{"a":0,"k":{"i":[[0,0],[3.86,3.95],[-4.02,3.8],[-3.87,-3.94],[4.02,-3.8]],"o":[[-4.02,3.79],[-3.87,-3.95],[4.02,-3.8],[3.87,3.95],[0,0]],"v":[[3.64,3.537],[-10.64,3.257],[-10.36,-10.763],[3.92,-10.493],[3.64,3.537]],"c":true},"ix":2},"nm":"Path 2","mn":"ADBE Vector Shape - Group","hd":false},{"ty":"tr","p":{"a":0,"k":[0,0],"ix":2},"a":{"a":0,"k":[0,0],"ix":1},"s":{"a":0,"k":[100,100],"ix":3},"r":{"a":0,"k":0,"ix":6},"o":{"a":0,"k":100,"ix":7},"sk":{"a":0,"k":0,"ix":4},"sa":{"a":0,"k":0,"ix":5},"nm":"Transform"}],"nm":"Group 1","np":2,"cix":2,"bm":0,"ix":1,"mn":"ADBE Vector Group","hd":false},{"ty":"mm","mm":1,"nm":"Merge Paths 1","mn":"ADBE Vector Filter - Merge","hd":false},{"ty":"fl","c":{"a":0,"k":[0.885097980499,0.885097980499,0.885097980499,1],"ix":4},"o":{"a":0,"k":100,"ix":5},"r":1,"bm":0,"nm":"Fill 1","mn":"ADBE Vector Graphic - Fill","hd":false},{"ty":"tr","p":{"a":0,"k":[0,0],"ix":2},"a":{"a":0,"k":[0,0],"ix":1},"s":{"a":0,"k":[600,600],"ix":3},"r":{"a":0,"k":0,"ix":6},"o":{"a":0,"k":100,"ix":7},"sk":{"a":0,"k":0,"ix":4},"sa":{"a":0,"k":0,"ix":5},"nm":"Transform"}],"nm":"Shape","np":3,"cix":2,"bm":0,"ix":1,"mn":"ADBE Vector Group","hd":false}],"ip":0,"op":477,"st":0,"bm":0},{"ddd":0,"ind":2,"ty":0,"nm":"Pre-comp 1","refId":"comp_0","sr":1,"ks":{"o":{"a":0,"k":100,"ix":11},"r":{"a":0,"k":0,"ix":10},"p":{"a":1,"k":[{"i":{"x":0.833,"y":0.756},"o":{"x":0.167,"y":0.167},"n":"0p833_0p756_0p167_0p167","t":0,"s":[705,1280.5,0],"e":[705,1275.5,0],"to":[0,-0.83333331346512,0],"ti":[0,-0.83333331346512,0]},{"i":{"x":0.833,"y":0.833},"o":{"x":0.167,"y":0.127},"n":"0p833_0p833_0p167_0p127","t":66.834,"s":[705,1275.5,0],"e":[705,1285.5,0],"to":[0,0.83333331346512,0],"ti":[0,0,0]},{"i":{"x":0.833,"y":0.833},"o":{"x":0.167,"y":0.167},"n":"0p833_0p833_0p167_0p167","t":133.666,"s":[705,1285.5,0],"e":[705,1275.5,0],"to":[0,0,0],"ti":[0,0,0]},{"i":{"x":0.833,"y":0.833},"o":{"x":0.167,"y":0.167},"n":"0p833_0p833_0p167_0p167","t":200.5,"s":[705,1275.5,0],"e":[705,1285.5,0],"to":[0,0,0],"ti":[0,0,0]},{"i":{"x":0.833,"y":0.833},"o":{"x":0.167,"y":0.167},"n":"0p833_0p833_0p167_0p167","t":267.334,"s":[705,1285.5,0],"e":[705,1275.5,0],"to":[0,0,0],"ti":[0,0,0]},{"i":{"x":0.833,"y":0.874},"o":{"x":0.167,"y":0.167},"n":"0p833_0p874_0p167_0p167","t":334.166,"s":[705,1275.5,0],"e":[705,1285.5,0],"to":[0,0,0],"ti":[0,-0.83333331346512,0]},{"i":{"x":0.833,"y":0.833},"o":{"x":0.167,"y":0.245},"n":"0p833_0p833_0p167_0p245","t":401,"s":[705,1285.5,0],"e":[705,1280.5,0],"to":[0,0.83333331346512,0],"ti":[0,0,0]},{"i":{"x":0.833,"y":0.756},"o":{"x":0.167,"y":0.166},"n":"0p833_0p756_0p167_0p166","t":468,"s":[705,1280.5,0],"e":[705,1285.5,0],"to":[0,0,0],"ti":[0,0.83333331346512,0]},{"i":{"x":0.833,"y":0.833},"o":{"x":0.167,"y":0.127},"n":"0p833_0p833_0p167_0p127","t":534.666,"s":[705,1285.5,0],"e":[705,1275.5,0],"to":[0,-0.83333331346512,0],"ti":[0,0,0]},{"i":{"x":0.833,"y":0.833},"o":{"x":0.167,"y":0.167},"n":"0p833_0p833_0p167_0p167","t":601.5,"s":[705,1275.5,0],"e":[705,1285.5,0],"to":[0,0,0],"ti":[0,0,0]},{"i":{"x":0.833,"y":0.833},"o":{"x":0.167,"y":0.167},"n":"0p833_0p833_0p167_0p167","t":668.334,"s":[705,1285.5,0],"e":[705,1275.5,0],"to":[0,0,0],"ti":[0,0,0]},{"i":{"x":0.833,"y":0.833},"o":{"x":0.167,"y":0.167},"n":"0p833_0p833_0p167_0p167","t":735.166,"s":[705,1275.5,0],"e":[705,1285.5,0],"to":[0,0,0],"ti":[0,0,0]},{"i":{"x":0.833,"y":0.833},"o":{"x":0.167,"y":0.167},"n":"0p833_0p833_0p167_0p167","t":802,"s":[705,1285.5,0],"e":[705,1275.5,0],"to":[0,0,0],"ti":[0,0,0]},{"i":{"x":0.833,"y":0.833},"o":{"x":0.167,"y":0.167},"n":"0p833_0p833_0p167_0p167","t":868.834,"s":[705,1275.5,0],"e":[705,1285.5,0],"to":[0,0,0],"ti":[0,0,0]},{"i":{"x":0.833,"y":0.833},"o":{"x":0.167,"y":0.167},"n":"0p833_0p833_0p167_0p167","t":935.666,"s":[705,1285.5,0],"e":[705,1275.5,0],"to":[0,0,0],"ti":[0,0,0]},{"i":{"x":0.833,"y":0.833},"o":{"x":0.167,"y":0.167},"n":"0p833_0p833_0p167_0p167","t":1002.5,"s":[705,1275.5,0],"e":[705,1285.5,0],"to":[0,0,0],"ti":[0,0,0]},{"i":{"x":0.833,"y":0.833},"o":{"x":0.167,"y":0.167},"n":"0p833_0p833_0p167_0p167","t":1069.334,"s":[705,1285.5,0],"e":[705,1275.5,0],"to":[0,0,0],"ti":[0,0,0]},{"i":{"x":0.833,"y":0.833},"o":{"x":0.167,"y":0.167},"n":"0p833_0p833_0p167_0p167","t":1136.166,"s":[705,1275.5,0],"e":[705,1285.5,0],"to":[0,0,0],"ti":[0,-1.66666662693024,0]},{"t":1203}],"ix":2},"a":{"a":0,"k":[661,1229,0],"ix":1},"s":{"a":0,"k":[99.953,99.953,100],"ix":6}},"ao":0,"w":2250,"h":4002,"ip":0,"op":477,"st":-3123,"bm":0},{"ddd":0,"ind":3,"ty":3,"nm":"▽ undraw_Taken_if77","sr":1,"ks":{"o":{"a":0,"k":100,"ix":11},"r":{"a":0,"k":0,"ix":10},"p":{"a":0,"k":[695,816.5,0],"ix":2},"a":{"a":0,"k":[651,765,0],"ix":1},"s":{"a":0,"k":[100,100,100],"ix":6}},"ao":0,"ip":0,"op":477,"st":0,"bm":0},{"ddd":0,"ind":6,"ty":0,"nm":"Pre-comp 2","refId":"comp_1","sr":1,"ks":{"o":{"a":0,"k":100,"ix":11},"r":{"a":0,"k":0,"ix":10},"p":{"a":1,"k":[{"i":{"x":0.483,"y":1},"o":{"x":0.333,"y":0},"n":"0p483_1_0p333_0","t":0,"s":[704.997,1282.501,0],"e":[704.997,1272.501,0],"to":[0,-1.66666662693024,0],"ti":[0,-1.66666662693024,0]},{"i":{"x":0.487,"y":1},"o":{"x":0.333,"y":0},"n":"0p487_1_0p333_0","t":60,"s":[704.997,1272.501,0],"e":[704.997,1292.501,0],"to":[0,1.66666662693024,0],"ti":[0,0,0]},{"i":{"x":0.483,"y":1},"o":{"x":0.333,"y":0},"n":"0p483_1_0p333_0","t":120,"s":[704.997,1292.501,0],"e":[704.997,1272.501,0],"to":[0,0,0],"ti":[0,0,0]},{"i":{"x":0.491,"y":1},"o":{"x":0.333,"y":0},"n":"0p491_1_0p333_0","t":180,"s":[704.997,1272.501,0],"e":[704.997,1292.501,0],"to":[0,0,0],"ti":[0,0,0]},{"i":{"x":0.483,"y":1},"o":{"x":0.333,"y":0},"n":"0p483_1_0p333_0","t":240,"s":[704.997,1292.501,0],"e":[704.997,1272.501,0],"to":[0,0,0],"ti":[0,0,0]},{"i":{"x":0.487,"y":1},"o":{"x":0.333,"y":0},"n":"0p487_1_0p333_0","t":300,"s":[704.997,1272.501,0],"e":[704.997,1292.501,0],"to":[0,0,0],"ti":[0,-1.66666662693024,0]},{"i":{"x":0.667,"y":1},"o":{"x":0.333,"y":0},"n":"0p667_1_0p333_0","t":360,"s":[704.997,1292.501,0],"e":[704.997,1282.501,0],"to":[0,1.66666662693024,0],"ti":[0,1.66666662693024,0]},{"i":{"x":0.667,"y":0.667},"o":{"x":0.333,"y":0.333},"n":"0p667_0p667_0p333_0p333","t":420,"s":[704.997,1282.501,0],"e":[704.997,1282.501,0],"to":[0,0,0],"ti":[0,0,0]},{"t":477}],"ix":2},"a":{"a":0,"k":[661,1229,0],"ix":1},"s":{"a":0,"k":[99.953,99.953,100],"ix":6}},"ao":0,"w":1312,"h":1536,"ip":0,"op":477,"st":-3123,"bm":0},{"ddd":0,"ind":7,"ty":4,"nm":"Path","parent":3,"sr":1,"ks":{"o":{"a":1,"k":[{"i":{"x":[0.833],"y":[0.833]},"o":{"x":[0.333],"y":[0]},"n":["0p833_0p833_0p333_0"],"t":15,"s":[100],"e":[0]},{"i":{"x":[0.833],"y":[0.833]},"o":{"x":[0.333],"y":[0]},"n":["0p833_0p833_0p333_0"],"t":23,"s":[0],"e":[100]},{"i":{"x":[0.833],"y":[1]},"o":{"x":[0.333],"y":[0]},"n":["0p833_1_0p333_0"],"t":31,"s":[100],"e":[100]},{"i":{"x":[0.833],"y":[0.833]},"o":{"x":[0.333],"y":[0]},"n":["0p833_0p833_0p333_0"],"t":142,"s":[100],"e":[0]},{"i":{"x":[0.833],"y":[0.833]},"o":{"x":[0.333],"y":[0]},"n":["0p833_0p833_0p333_0"],"t":147.5,"s":[0],"e":[100]},{"i":{"x":[0.833],"y":[1]},"o":{"x":[0.333],"y":[0]},"n":["0p833_1_0p333_0"],"t":153,"s":[100],"e":[100]},{"i":{"x":[0.833],"y":[0.833]},"o":{"x":[0.333],"y":[0]},"n":["0p833_0p833_0p333_0"],"t":224,"s":[100],"e":[0]},{"i":{"x":[0.833],"y":[0.833]},"o":{"x":[0.333],"y":[0]},"n":["0p833_0p833_0p333_0"],"t":230.5,"s":[0],"e":[100]},{"t":237}],"ix":11,"x":"var $bm_rt;\n$bm_rt = loopOutDuration('cycle', 0);"},"r":{"a":0,"k":0,"ix":10},"p":{"a":0,"k":[651.54,988.655,0],"ix":2},"a":{"a":0,"k":[0,0,0],"ix":1},"s":{"a":0,"k":[100,100,100],"ix":6}},"ao":0,"shapes":[{"ty":"gr","it":[{"ind":0,"ty":"sh","ix":1,"ks":{"a":0,"k":{"i":[[0,0],[0,0],[0,0],[0,0]],"o":[[0,0],[0,0],[0,0],[0,0]],"v":[[39.81,-90.224],[108.44,89.156],[-108.45,90.236],[-39.18,-90.224]],"c":true},"ix":2},"nm":"Path 1","mn":"ADBE Vector Shape - Group","hd":false},{"ty":"gf","o":{"a":0,"k":100,"ix":10},"r":1,"bm":0,"g":{"p":3,"k":{"a":0,"k":[0,0.974,0.974,0.974,0.5,0.987,0.987,0.987,1,1,1,1],"ix":9}},"s":{"a":0,"k":[0,-17.921],"ix":5},"e":{"a":0,"k":[0,69.447],"ix":6},"t":1,"nm":"Gradient Fill 1","mn":"ADBE Vector Graphic - G-Fill","hd":false},{"ty":"tr","p":{"a":0,"k":[0,0],"ix":2},"a":{"a":0,"k":[0,0],"ix":1},"s":{"a":0,"k":[600,600],"ix":3},"r":{"a":0,"k":0,"ix":6},"o":{"a":0,"k":100,"ix":7},"sk":{"a":0,"k":0,"ix":4},"sa":{"a":0,"k":0,"ix":5},"nm":"Transform"}],"nm":"Path","np":2,"cix":2,"bm":0,"ix":1,"mn":"ADBE Vector Group","hd":false}],"ip":0,"op":477,"st":0,"bm":0}],"markers":[]}